part_size,part_size_formatted,chunk_size,chunk_size_formatted,run,seconds,gbps
1048576,1MB,65536,64KB,1,4.150349,10.348449
1048576,1MB,65536,64KB,2,3.766994,11.401577
1048576,1MB,65536,64KB,3,4.132620,10.392843
1048576,1MB,65536,64KB,4,4.288462,10.015170
1048576,1MB,65536,64KB,5,4.385340,9.793921
1048576,1MB,65536,64KB,6,1.773126,24.222574
1048576,1MB,65536,64KB,7,4.004786,10.724587
1048576,1MB,65536,64KB,8,4.060586,10.577212
1048576,1MB,65536,64KB,9,4.136770,10.382416
1048576,1MB,65536,64KB,10,3.785304,11.346428
1048576,1MB,131072,128KB,1,4.833377,8.886060
1048576,1MB,131072,128KB,2,3.257403,13.185252
1048576,1MB,131072,128KB,3,3.317549,12.946206
1048576,1MB,131072,128KB,4,3.157675,13.601675
1048576,1MB,131072,128KB,5,3.115144,13.787378
1048576,1MB,131072,128KB,6,2.553016,16.823114
1048576,1MB,131072,128KB,7,2.691183,15.959402
1048576,1MB,131072,128KB,8,1.643915,26.126456
1048576,1MB,131072,128KB,9,1.650813,26.017287
1048576,1MB,131072,128KB,10,1.637024,26.236439
1048576,1MB,196608,192KB,1,3.418159,12.565146
1048576,1MB,196608,192KB,2,2.416904,17.770534
1048576,1MB,196608,192KB,3,3.102894,13.841810
1048576,1MB,196608,192KB,4,2.656823,16.165800
1048576,1MB,196608,192KB,5,2.857590,15.030034
1048576,1MB,196608,192KB,6,3.170280,13.547594
1048576,1MB,196608,192KB,7,1.749772,24.545867
1048576,1MB,196608,192KB,8,2.272325,18.901202
1048576,1MB,196608,192KB,9,3.082331,13.934154
1048576,1MB,196608,192KB,10,3.136806,13.692168
1048576,1MB,262144,256KB,1,3.180240,13.505168
1048576,1MB,262144,256KB,2,2.573633,16.688345
1048576,1MB,262144,256KB,3,2.059190,20.857556
1048576,1MB,262144,256KB,4,3.062541,14.024195
1048576,1MB,262144,256KB,5,1.787062,24.033673
1048576,1MB,262144,256KB,6,1.954698,21.972533
1048576,1MB,262144,256KB,7,2.903563,14.792056
1048576,1MB,262144,256KB,8,1.647968,26.062198
1048576,1MB,262144,256KB,9,2.996576,14.332916
1048576,1MB,262144,256KB,10,2.977610,14.424209
1048576,1MB,524288,512KB,1,3.244353,13.238285
1048576,1MB,524288,512KB,2,2.502965,17.159515
1048576,1MB,524288,512KB,3,3.220747,13.335316
1048576,1MB,524288,512KB,4,1.662235,25.838504
1048576,1MB,524288,512KB,5,2.381513,18.034617
1048576,1MB,524288,512KB,6,1.666569,25.771314
1048576,1MB,524288,512KB,7,2.970378,14.459331
1048576,1MB,524288,512KB,8,1.661175,25.854993
1048576,1MB,524288,512KB,9,2.769537,15.507889
1048576,1MB,524288,512KB,10,3.011394,14.262391
1048576,1MB,1048576,1MB,1,3.811260,11.269152
1048576,1MB,1048576,1MB,2,3.348029,12.828347
1048576,1MB,1048576,1MB,3,3.036870,14.142745
1048576,1MB,1048576,1MB,4,3.048698,14.087876
1048576,1MB,1048576,1MB,5,2.846983,15.086030
1048576,1MB,1048576,1MB,6,3.098159,13.862964
1048576,1MB,1048576,1MB,7,3.211759,13.372634
1048576,1MB,1048576,1MB,8,3.192646,13.452690
1048576,1MB,1048576,1MB,9,2.869814,14.966012
1048576,1MB,1048576,1MB,10,3.170648,13.546023
2097152,2MB,65536,64KB,1,3.232188,13.288112
2097152,2MB,65536,64KB,2,1.587762,27.050443
2097152,2MB,65536,64KB,3,3.715509,11.559568
2097152,2MB,65536,64KB,4,4.116653,10.433153
2097152,2MB,65536,64KB,5,4.778315,8.988455
2097152,2MB,65536,64KB,6,3.602625,11.921772
2097152,2MB,65536,64KB,7,3.997870,10.743139
2097152,2MB,65536,64KB,8,3.614695,11.881963
2097152,2MB,65536,64KB,9,3.322179,12.928163
2097152,2MB,65536,64KB,10,3.900798,11.010483
2097152,2MB,131072,128KB,1,4.574380,9.389179
2097152,2MB,131072,128KB,2,0.961512,44.668875
2097152,2MB,131072,128KB,3,2.260182,19.002753
2097152,2MB,131072,128KB,4,2.451779,17.517762
2097152,2MB,131072,128KB,5,2.548702,16.851587
2097152,2MB,131072,128KB,6,3.358180,12.789568
2097152,2MB,131072,128KB,7,2.612880,16.437673
2097152,2MB,131072,128KB,8,2.525380,17.007214
2097152,2MB,131072,128KB,9,2.723806,15.768260
2097152,2MB,131072,128KB,10,2.428363,17.686679
2097152,2MB,196608,192KB,1,4.109915,10.450258
2097152,2MB,196608,192KB,2,3.292921,13.043034
2097152,2MB,196608,192KB,3,2.367161,18.143959
2097152,2MB,196608,192KB,4,2.535506,16.939292
2097152,2MB,196608,192KB,5,2.594136,16.556445
2097152,2MB,196608,192KB,6,3.525840,12.181401
2097152,2MB,196608,192KB,7,2.869909,14.965518
2097152,2MB,196608,192KB,8,2.467242,17.407972
2097152,2MB,196608,192KB,9,2.548059,16.855838
2097152,2MB,196608,192KB,10,2.541605,16.898641
2097152,2MB,262144,256KB,1,3.204904,13.401237
2097152,2MB,262144,256KB,2,2.276854,18.863602
2097152,2MB,262144,256KB,3,2.018899,21.273811
2097152,2MB,262144,256KB,4,2.460001,17.459208
2097152,2MB,262144,256KB,5,2.818456,15.238723
2097152,2MB,262144,256KB,6,2.708483,15.857462
2097152,2MB,262144,256KB,7,2.480228,17.316826
2097152,2MB,262144,256KB,8,2.608074,16.467965
2097152,2MB,262144,256KB,9,2.694505,15.939727
2097152,2MB,262144,256KB,10,2.571912,16.699509
2097152,2MB,524288,512KB,1,3.169999,13.548796
2097152,2MB,524288,512KB,2,2.312500,18.572829
2097152,2MB,524288,512KB,3,2.386089,18.000033
2097152,2MB,524288,512KB,4,2.453288,17.506981
2097152,2MB,524288,512KB,5,2.507812,17.126351
2097152,2MB,524288,512KB,6,2.551340,16.834164
2097152,2MB,524288,512KB,7,2.515429,17.074493
2097152,2MB,524288,512KB,8,2.512807,17.092306
2097152,2MB,524288,512KB,9,2.523529,17.019685
2097152,2MB,524288,512KB,10,2.510034,17.111194
2097152,2MB,1048576,1MB,1,2.451104,17.522583
2097152,2MB,1048576,1MB,2,1.427853,30.079905
2097152,2MB,1048576,1MB,3,2.488902,17.256474
2097152,2MB,1048576,1MB,4,2.465199,17.422398
2097152,2MB,1048576,1MB,5,2.446987,17.552067
2097152,2MB,1048576,1MB,6,2.450982,17.523454
2097152,2MB,1048576,1MB,7,2.449826,17.531724
2097152,2MB,1048576,1MB,8,2.611919,16.443721
2097152,2MB,1048576,1MB,9,2.361281,18.189144
2097152,2MB,1048576,1MB,10,2.411310,17.811761
4194304,4MB,65536,64KB,1,3.386281,12.683434
4194304,4MB,65536,64KB,2,4.534825,9.471076
4194304,4MB,65536,64KB,3,5.841293,7.352769
4194304,4MB,65536,64KB,4,4.132379,10.393449
4194304,4MB,65536,64KB,5,7.141100,6.014434
4194304,4MB,65536,64KB,6,4.509008,9.525305
4194304,4MB,65536,64KB,7,4.648575,9.239321
4194304,4MB,65536,64KB,8,4.279341,10.036516
4194304,4MB,65536,64KB,9,4.031451,10.653652
4194304,4MB,65536,64KB,10,4.561922,9.414819
4194304,4MB,131072,128KB,1,5.994285,7.165103
4194304,4MB,131072,128KB,2,23.912641,1.796107
4194304,4MB,131072,128KB,3,2.452671,17.511390
4194304,4MB,131072,128KB,4,6.406459,6.704121
4194304,4MB,131072,128KB,5,2.382274,18.028857
4194304,4MB,131072,128KB,6,2.280459,18.833783
4194304,4MB,131072,128KB,7,2.030337,21.153965
4194304,4MB,131072,128KB,8,2.125139,20.210287
4194304,4MB,131072,128KB,9,10.188320,4.215579
4194304,4MB,131072,128KB,10,4.502872,9.538285
4194304,4MB,196608,192KB,1,8.466391,5.072961
4194304,4MB,196608,192KB,2,9.785880,4.388943
4194304,4MB,196608,192KB,3,4.081695,10.522510
4194304,4MB,196608,192KB,4,2.212819,19.409484
4194304,4MB,196608,192KB,5,1.983270,21.655991
4194304,4MB,196608,192KB,6,5.948723,7.219982
4194304,4MB,196608,192KB,7,1.986843,21.617047
4194304,4MB,196608,192KB,8,2.046311,20.988829
4194304,4MB,196608,192KB,9,16.306667,2.633872
4194304,4MB,196608,192KB,10,2.100393,20.448401
4194304,4MB,262144,256KB,1,9.473943,4.533453
4194304,4MB,262144,256KB,2,11.341786,3.786853
4194304,4MB,262144,256KB,3,7.080440,6.065961
4194304,4MB,262144,256KB,4,2.193300,19.582214
4194304,4MB,262144,256KB,5,2.023673,21.223619
4194304,4MB,262144,256KB,6,3.082335,13.934137
4194304,4MB,262144,256KB,7,2.048755,20.963791
4194304,4MB,262144,256KB,8,2.515629,17.073136
4194304,4MB,262144,256KB,9,2.006084,21.409712
4194304,4MB,262144,256KB,10,0.760881,56.447286
4194304,4MB,524288,512KB,1,2.995015,14.340388
4194304,4MB,524288,512KB,2,2.010581,21.361825
4194304,4MB,524288,512KB,3,2.177026,19.728595
4194304,4MB,524288,512KB,4,1.979893,21.692921
4194304,4MB,524288,512KB,5,0.887687,48.383803
4194304,4MB,524288,512KB,6,2.525608,17.005675
4194304,4MB,524288,512KB,7,2.215739,19.383909
4194304,4MB,524288,512KB,8,2.251356,19.077243
4194304,4MB,524288,512KB,9,1.982187,21.667820
4194304,4MB,524288,512KB,10,1.944324,22.089770
4194304,4MB,1048576,1MB,1,1.551506,27.682575
4194304,4MB,1048576,1MB,2,2.195222,19.565067
4194304,4MB,1048576,1MB,3,0.790395,54.339512
4194304,4MB,1048576,1MB,4,1.953732,21.983403
4194304,4MB,1048576,1MB,5,2.081095,20.638020
4194304,4MB,1048576,1MB,6,0.984025,43.646933
4194304,4MB,1048576,1MB,7,1.951018,22.013975
4194304,4MB,1048576,1MB,8,2.307298,18.614708
4194304,4MB,1048576,1MB,9,2.088139,20.568397
4194304,4MB,1048576,1MB,10,1.953689,21.983889
4194304,4MB,4194304,4MB,1,2.324474,18.477155
4194304,4MB,4194304,4MB,2,1.211743,35.444534
4194304,4MB,4194304,4MB,3,0.911572,47.116041
4194304,4MB,4194304,4MB,4,1.981424,21.676159
4194304,4MB,4194304,4MB,5,2.263068,18.978514
4194304,4MB,4194304,4MB,6,1.800129,23.859218
4194304,4MB,4194304,4MB,7,2.261103,18.995010
4194304,4MB,4194304,4MB,8,2.189300,19.617990
4194304,4MB,4194304,4MB,9,1.969363,21.808915
4194304,4MB,4194304,4MB,10,1.964067,21.867727
8388608,8MB,65536,64KB,1,5.852472,7.338724
8388608,8MB,65536,64KB,2,11.668734,3.680748
8388608,8MB,65536,64KB,3,4.345368,9.884013
8388608,8MB,65536,64KB,4,4.219930,10.177815
8388608,8MB,65536,64KB,5,4.609137,9.318377
8388608,8MB,65536,64KB,6,5.726750,7.499833
8388608,8MB,65536,64KB,7,11.629417,3.693192
8388608,8MB,65536,64KB,8,5.491327,7.821365
8388608,8MB,65536,64KB,9,10.886351,3.945277
8388608,8MB,65536,64KB,10,4.787732,8.970777
8388608,8MB,131072,128KB,1,8.960764,4.793082
8388608,8MB,131072,128KB,2,20.144715,2.132057
8388608,8MB,131072,128KB,3,1.659281,25.884513
8388608,8MB,131072,128KB,4,16.421329,2.615481
8388608,8MB,131072,128KB,5,6.322821,6.792802
8388608,8MB,131072,128KB,6,1.547271,27.758330
8388608,8MB,131072,128KB,7,1.664953,25.796329
8388608,8MB,131072,128KB,8,1.659416,25.882398
8388608,8MB,131072,128KB,9,1.607553,26.717416
8388608,8MB,131072,128KB,10,12.495465,3.437221
8388608,8MB,196608,192KB,1,5.707356,7.525319
8388608,8MB,196608,192KB,2,13.253049,3.240739
8388608,8MB,196608,192KB,3,1.477590,29.067378
8388608,8MB,196608,192KB,4,3.077855,13.954419
8388608,8MB,196608,192KB,5,7.941405,5.408321
8388608,8MB,196608,192KB,6,3.733998,11.502328
8388608,8MB,196608,192KB,7,2.102869,20.424325
8388608,8MB,196608,192KB,8,1.609745,26.681041
8388608,8MB,196608,192KB,9,1.737524,24.718891
8388608,8MB,196608,192KB,10,4.953771,8.670097
8388608,8MB,262144,256KB,1,5.615518,7.648391
8388608,8MB,262144,256KB,2,4.318098,9.946432
8388608,8MB,262144,256KB,3,1.726275,24.879969
8388608,8MB,262144,256KB,4,1.737772,24.715369
8388608,8MB,262144,256KB,5,1.675180,25.638836
8388608,8MB,262144,256KB,6,1.650146,26.027810
8388608,8MB,262144,256KB,7,2.687417,15.981765
8388608,8MB,262144,256KB,8,1.720375,24.965299
8388608,8MB,262144,256KB,9,2.081758,20.631449
8388608,8MB,262144,256KB,10,10.924556,3.931480
8388608,8MB,524288,512KB,1,2.801534,15.330771
8388608,8MB,524288,512KB,2,1.161871,36.965941
8388608,8MB,524288,512KB,3,1.711460,25.095336
8388608,8MB,524288,512KB,4,1.421627,30.211641
8388608,8MB,524288,512KB,5,1.448826,29.644470
8388608,8MB,524288,512KB,6,1.423836,30.164753
8388608,8MB,524288,512KB,7,1.498074,28.669937
8388608,8MB,524288,512KB,8,1.459207,29.433561
8388608,8MB,524288,512KB,9,1.505149,28.535171
8388608,8MB,524288,512KB,10,1.443073,29.762652
8388608,8MB,1048576,1MB,1,2.427309,17.694360
8388608,8MB,1048576,1MB,2,1.291751,33.249176
8388608,8MB,1048576,1MB,3,1.601904,26.811633
8388608,8MB,1048576,1MB,4,1.643963,26.125690
8388608,8MB,1048576,1MB,5,1.430074,30.033178
8388608,8MB,1048576,1MB,6,1.749872,24.544471
8388608,8MB,1048576,1MB,7,1.503837,28.560066
8388608,8MB,1048576,1MB,8,1.919496,22.375491
8388608,8MB,1048576,1MB,9,1.674725,25.645812
8388608,8MB,1048576,1MB,10,1.574008,27.286818
8388608,8MB,4194304,4MB,1,2.214246,19.396971
8388608,8MB,4194304,4MB,2,1.798738,23.877677
8388608,8MB,4194304,4MB,3,1.749880,24.544358
8388608,8MB,4194304,4MB,4,1.532968,28.017326
8388608,8MB,4194304,4MB,5,1.484348,28.935047
8388608,8MB,4194304,4MB,6,1.610156,26.674231
8388608,8MB,4194304,4MB,7,1.533951,27.999379
8388608,8MB,4194304,4MB,8,1.624530,26.438213
8388608,8MB,4194304,4MB,9,1.663075,25.825456
8388608,8MB,4194304,4MB,10,1.723529,24.919610
16777216,16MB,65536,64KB,1,8.611564,4.987442
16777216,16MB,65536,64KB,2,4.535132,9.470436
16777216,16MB,65536,64KB,3,10.294507,4.172096
16777216,16MB,65536,64KB,4,4.443426,9.665891
16777216,16MB,65536,64KB,5,4.100302,10.474759
16777216,16MB,65536,64KB,6,4.562332,9.413973
16777216,16MB,65536,64KB,7,5.315705,8.079770
16777216,16MB,65536,64KB,8,5.673051,7.570825
16777216,16MB,65536,64KB,9,10.980136,3.911579
16777216,16MB,65536,64KB,10,3.135472,13.697991
16777216,16MB,131072,128KB,1,4.970917,8.640190
16777216,16MB,131072,128KB,2,7.089524,6.058189
16777216,16MB,131072,128KB,3,1.025008,41.901785
16777216,16MB,131072,128KB,4,1.256003,34.195526
16777216,16MB,131072,128KB,5,1.047968,40.983779
16777216,16MB,131072,128KB,6,1.128179,38.069903
16777216,16MB,131072,128KB,7,1.051575,40.843197
16777216,16MB,131072,128KB,8,1.102942,38.941018
16777216,16MB,131072,128KB,9,1.045194,41.092529
16777216,16MB,131072,128KB,10,1.562184,27.493347
16777216,16MB,196608,192KB,1,4.789169,8.968085
16777216,16MB,196608,192KB,2,29.992939,1.431993
16777216,16MB,196608,192KB,3,2.693356,15.946526
16777216,16MB,196608,192KB,4,1.371516,31.315467
16777216,16MB,196608,192KB,5,1.046465,41.042616
16777216,16MB,196608,192KB,6,1.024831,41.909038
16777216,16MB,196608,192KB,7,1.030771,41.667542
16777216,16MB,196608,192KB,8,1.070971,40.103481
16777216,16MB,196608,192KB,9,5.818191,7.381963
16777216,16MB,196608,192KB,10,1.042690,41.191216
16777216,16MB,262144,256KB,1,3.661746,11.729289
16777216,16MB,262144,256KB,2,3.204615,13.402444
16777216,16MB,262144,256KB,3,0.999960,42.951412
16777216,16MB,262144,256KB,4,1.102001,38.974260
16777216,16MB,262144,256KB,5,2.130804,20.156561
16777216,16MB,262144,256KB,6,1.042423,41.201774
16777216,16MB,262144,256KB,7,14.715647,2.918640
16777216,16MB,262144,256KB,8,2.504088,17.151823
16777216,16MB,262144,256KB,9,2.695371,15.934606
16777216,16MB,262144,256KB,10,1.004396,42.761688
16777216,16MB,524288,512KB,1,3.342738,12.848652
16777216,16MB,524288,512KB,2,3.539097,12.135773
16777216,16MB,524288,512KB,3,1.072560,40.044079
16777216,16MB,524288,512KB,4,1.043360,41.164765
16777216,16MB,524288,512KB,5,1.044716,41.111342
16777216,16MB,524288,512KB,6,1.011240,42.472263
16777216,16MB,524288,512KB,7,1.031851,41.623906
16777216,16MB,524288,512KB,8,1.017662,42.204261
16777216,16MB,524288,512KB,9,1.035521,41.476370
16777216,16MB,524288,512KB,10,1.263808,33.984342
16777216,16MB,1048576,1MB,1,2.193741,19.578279
16777216,16MB,1048576,1MB,2,0.894600,48.009929
16777216,16MB,1048576,1MB,3,1.015980,42.274153
16777216,16MB,1048576,1MB,4,1.091739,39.340609
16777216,16MB,1048576,1MB,5,1.011937,42.443026
16777216,16MB,1048576,1MB,6,1.064366,40.352361
16777216,16MB,1048576,1MB,7,0.987412,43.497203
16777216,16MB,1048576,1MB,8,1.076615,39.893270
16777216,16MB,1048576,1MB,9,1.067631,40.228964
16777216,16MB,1048576,1MB,10,0.975509,44.027980
16777216,16MB,4194304,4MB,1,1.811891,23.704332
16777216,16MB,4194304,4MB,2,1.202851,35.706573
16777216,16MB,4194304,4MB,3,0.999011,42.992192
16777216,16MB,4194304,4MB,4,1.096820,39.158368
16777216,16MB,4194304,4MB,5,0.972979,44.142428
16777216,16MB,4194304,4MB,6,1.007526,42.628865
16777216,16MB,4194304,4MB,7,0.987084,43.511656
16777216,16MB,4194304,4MB,8,0.981134,43.775556
16777216,16MB,4194304,4MB,9,0.980290,43.813232
16777216,16MB,4194304,4MB,10,1.004081,42.775121
16777216,16MB,16777216,16MB,1,1.747945,24.571524
16777216,16MB,16777216,16MB,2,1.275217,33.680280
16777216,16MB,16777216,16MB,3,1.051508,40.845780
16777216,16MB,16777216,16MB,4,0.967680,44.384183
16777216,16MB,16777216,16MB,5,1.035275,41.486234
16777216,16MB,16777216,16MB,6,0.979042,43.869077
16777216,16MB,16777216,16MB,7,1.017794,42.198775
16777216,16MB,16777216,16MB,8,1.034984,41.497910
16777216,16MB,16777216,16MB,9,0.998062,43.033062
16777216,16MB,16777216,16MB,10,0.978869,43.876848
33554432,32MB,65536,64KB,1,6.484454,6.623483
33554432,32MB,65536,64KB,2,4.425792,9.704404
33554432,32MB,65536,64KB,3,4.814588,8.920737
33554432,32MB,65536,64KB,4,4.625617,9.285177
33554432,32MB,65536,64KB,5,4.601293,9.334262
33554432,32MB,65536,64KB,6,9.250014,4.643201
33554432,32MB,65536,64KB,7,4.961303,8.656934
33554432,32MB,65536,64KB,8,7.117381,6.034477
33554432,32MB,65536,64KB,9,5.000594,8.588914
33554432,32MB,65536,64KB,10,5.085997,8.444691
33554432,32MB,131072,128KB,1,3.934814,10.915301
33554432,32MB,131072,128KB,2,9.261620,4.637383
33554432,32MB,131072,128KB,3,8.192874,5.242321
33554432,32MB,131072,128KB,4,3.600614,11.928432
33554432,32MB,131072,128KB,5,1.267824,33.876681
33554432,32MB,131072,128KB,6,1.289352,33.311043
33554432,32MB,131072,128KB,7,1.249064,34.385494
33554432,32MB,131072,128KB,8,1.894208,22.674210
33554432,32MB,131072,128KB,9,1.411756,30.422873
33554432,32MB,131072,128KB,10,1.434248,29.945774
33554432,32MB,196608,192KB,1,4.019954,10.684120
33554432,32MB,196608,192KB,2,2.364993,18.160595
33554432,32MB,196608,192KB,3,2.291730,18.741158
33554432,32MB,196608,192KB,4,2.301256,18.663581
33554432,32MB,196608,192KB,5,1.607066,26.725511
33554432,32MB,196608,192KB,6,1.204712,35.651415
33554432,32MB,196608,192KB,7,16.666979,2.576932
33554432,32MB,196608,192KB,8,1.349239,31.832510
33554432,32MB,196608,192KB,9,1.207646,35.564793
33554432,32MB,196608,192KB,10,1.440980,29.805885
33554432,32MB,262144,256KB,1,4.170574,10.298264
33554432,32MB,262144,256KB,2,1.411434,30.429805
33554432,32MB,262144,256KB,3,16.729468,2.567307
33554432,32MB,262144,256KB,4,13.871916,3.096160
33554432,32MB,262144,256KB,5,1.198912,35.823877
33554432,32MB,262144,256KB,6,8.168708,5.257830
33554432,32MB,262144,256KB,7,10.368502,4.142322
33554432,32MB,262144,256KB,8,2.006823,21.401826
33554432,32MB,262144,256KB,9,1.233602,34.816489
33554432,32MB,262144,256KB,10,15.152983,2.834404
33554432,32MB,524288,512KB,1,3.687658,11.646869
33554432,32MB,524288,512KB,2,1.291217,33.262934
33554432,32MB,524288,512KB,3,1.205153,35.638348
33554432,32MB,524288,512KB,4,4.551005,9.437403
33554432,32MB,524288,512KB,5,1.971204,21.788547
33554432,32MB,524288,512KB,6,1.273667,33.721265
33554432,32MB,524288,512KB,7,1.191211,36.055461
33554432,32MB,524288,512KB,8,1.201108,35.758380
33554432,32MB,524288,512KB,9,1.186491,36.198912
33554432,32MB,524288,512KB,10,1.190039,36.090970
33554432,32MB,1048576,1MB,1,2.598057,16.531462
33554432,32MB,1048576,1MB,2,5.992722,7.166972
33554432,32MB,1048576,1MB,3,1.184112,36.271627
33554432,32MB,1048576,1MB,4,3.981032,10.788577
33554432,32MB,1048576,1MB,5,1.161665,36.972505
33554432,32MB,1048576,1MB,6,3.081062,13.939891
33554432,32MB,1048576,1MB,7,1.186282,36.205293
33554432,32MB,1048576,1MB,8,1.182485,36.321540
33554432,32MB,1048576,1MB,9,1.183514,36.289973
33554432,32MB,1048576,1MB,10,1.262638,34.015817
33554432,32MB,4194304,4MB,1,1.768102,24.291401
33554432,32MB,4194304,4MB,2,1.210785,35.472593
33554432,32MB,4194304,4MB,3,1.217189,35.285967
33554432,32MB,4194304,4MB,4,1.188008,36.152695
33554432,32MB,4194304,4MB,5,1.182215,36.329833
33554432,32MB,4194304,4MB,6,1.251683,34.313528
33554432,32MB,4194304,4MB,7,1.184176,36.269664
33554432,32MB,4194304,4MB,8,1.182384,36.324652
33554432,32MB,4194304,4MB,9,1.186240,36.206554
33554432,32MB,4194304,4MB,10,1.181138,36.362959
33554432,32MB,16777216,16MB,1,2.037026,21.084502
33554432,32MB,16777216,16MB,2,1.310398,32.776042
33554432,32MB,16777216,16MB,3,1.314814,32.665964
33554432,32MB,16777216,16MB,4,1.192015,36.031160
33554432,32MB,16777216,16MB,5,1.399213,30.695600
33554432,32MB,16777216,16MB,6,1.276839,33.637511
33554432,32MB,16777216,16MB,7,1.258234,34.134871
33554432,32MB,16777216,16MB,8,1.182957,36.307057
33554432,32MB,16777216,16MB,9,1.178390,36.447751
33554432,32MB,16777216,16MB,10,1.181893,36.339718
67108864,64MB,65536,64KB,1,11.680448,3.677057
67108864,64MB,65536,64KB,2,5.044308,8.514482
67108864,64MB,65536,64KB,3,17.987928,2.387694
67108864,64MB,65536,64KB,4,4.488480,9.568868
67108864,64MB,65536,64KB,5,4.145976,10.359364
67108864,64MB,65536,64KB,6,5.401363,7.951636
67108864,64MB,65536,64KB,7,32.738289,1.311910
67108864,64MB,65536,64KB,8,4.006652,10.719592
67108864,64MB,65536,64KB,9,5.755811,7.461967
67108864,64MB,65536,64KB,10,15.585304,2.755780
67108864,64MB,131072,128KB,1,4.635643,9.265094
67108864,64MB,131072,128KB,2,10.629578,4.040581
67108864,64MB,131072,128KB,3,22.856202,1.879126
67108864,64MB,131072,128KB,4,2.690683,15.962368
67108864,64MB,131072,128KB,5,2.961968,14.500381
67108864,64MB,131072,128KB,6,8.898744,4.826487
67108864,64MB,131072,128KB,7,1.992304,21.557789
67108864,64MB,131072,128KB,8,20.884641,2.056520
67108864,64MB,131072,128KB,9,1.872604,22.935807
67108864,64MB,131072,128KB,10,1.868979,22.980288
67108864,64MB,196608,192KB,1,4.391772,9.779578
67108864,64MB,196608,192KB,2,14.339538,2.995192
67108864,64MB,196608,192KB,3,3.167035,13.561479
67108864,64MB,196608,192KB,4,2.701183,15.900318
67108864,64MB,196608,192KB,5,3.223041,13.325824
67108864,64MB,196608,192KB,6,3.207157,13.391822
67108864,64MB,196608,192KB,7,3.038259,14.136277
67108864,64MB,196608,192KB,8,3.246001,13.231563
67108864,64MB,196608,192KB,9,2.772759,15.489869
67108864,64MB,196608,192KB,10,2.203130,19.494842
67108864,64MB,262144,256KB,1,5.804251,7.399693
67108864,64MB,262144,256KB,2,10.133242,4.238493
67108864,64MB,262144,256KB,3,17.607734,2.439250
67108864,64MB,262144,256KB,4,2.580255,16.645517
67108864,64MB,262144,256KB,5,2.013279,21.333196
67108864,64MB,262144,256KB,6,2.192322,19.590953
67108864,64MB,262144,256KB,7,2.332427,18.414157
67108864,64MB,262144,256KB,8,2.399627,17.898477
67108864,64MB,262144,256KB,9,1.830420,23.464376
67108864,64MB,262144,256KB,10,2.005386,21.417160
67108864,64MB,524288,512KB,1,2.828927,15.182319
67108864,64MB,524288,512KB,2,4.238219,10.133896
67108864,64MB,524288,512KB,3,7.386376,5.814715
67108864,64MB,524288,512KB,4,7.345130,5.847367
67108864,64MB,524288,512KB,5,1.811918,23.703987
67108864,64MB,524288,512KB,6,1.886202,22.770450
67108864,64MB,524288,512KB,7,2.017372,21.289917
67108864,64MB,524288,512KB,8,1.803447,23.815319
67108864,64MB,524288,512KB,9,1.802609,23.826400
67108864,64MB,524288,512KB,10,1.853986,23.166127
67108864,64MB,1048576,1MB,1,3.738158,11.489529
67108864,64MB,1048576,1MB,2,1.971417,21.786191
67108864,64MB,1048576,1MB,3,4.418308,9.720842
67108864,64MB,1048576,1MB,4,3.122691,13.754059
67108864,64MB,1048576,1MB,5,1.852953,23.179044
67108864,64MB,1048576,1MB,6,1.800031,23.860518
67108864,64MB,1048576,1MB,7,1.820922,23.586773
67108864,64MB,1048576,1MB,8,1.817308,23.633676
67108864,64MB,1048576,1MB,9,1.790524,23.987209
67108864,64MB,1048576,1MB,10,1.876880,22.883549
67108864,64MB,4194304,4MB,1,2.267872,18.938311
67108864,64MB,4194304,4MB,2,1.816871,23.639364
67108864,64MB,4194304,4MB,3,1.787040,24.033973
67108864,64MB,4194304,4MB,4,1.786255,24.044543
67108864,64MB,4194304,4MB,5,1.790979,23.981116
67108864,64MB,4194304,4MB,6,1.792313,23.963265
67108864,64MB,4194304,4MB,7,1.781516,24.108504
67108864,64MB,4194304,4MB,8,1.785819,24.050400
67108864,64MB,4194304,4MB,9,1.786648,24.039251
67108864,64MB,4194304,4MB,10,1.785384,24.056269
67108864,64MB,16777216,16MB,1,2.064269,20.806233
67108864,64MB,16777216,16MB,2,1.829474,23.476513
67108864,64MB,16777216,16MB,3,1.782583,24.094069
67108864,64MB,16777216,16MB,4,1.788238,24.017873
67108864,64MB,16777216,16MB,5,1.792951,23.954742
67108864,64MB,16777216,16MB,6,1.791899,23.968809
67108864,64MB,16777216,16MB,7,1.786320,24.043663
67108864,64MB,16777216,16MB,8,1.786913,24.035677
67108864,64MB,16777216,16MB,9,1.785524,24.054376
67108864,64MB,16777216,16MB,10,1.781615,24.107157
67108864,64MB,67108864,64MB,1,2.132455,20.140956
67108864,64MB,67108864,64MB,2,1.820632,23.590530
67108864,64MB,67108864,64MB,3,1.777259,24.166247
67108864,64MB,67108864,64MB,4,1.788650,24.012337
67108864,64MB,67108864,64MB,5,1.775875,24.185074
67108864,64MB,67108864,64MB,6,1.795337,23.922904
67108864,64MB,67108864,64MB,7,1.779329,24.138130
67108864,64MB,67108864,64MB,8,1.857134,23.126856
67108864,64MB,67108864,64MB,9,1.783367,24.083469
67108864,64MB,67108864,64MB,10,1.781008,24.115379
134217728,128MB,65536,64KB,1,4.998208,8.593014
134217728,128MB,65536,64KB,2,4.222015,10.172790
134217728,128MB,65536,64KB,3,3.616560,11.875834
134217728,128MB,65536,64KB,4,4.842931,8.868529
134217728,128MB,65536,64KB,5,4.455148,9.640458
134217728,128MB,65536,64KB,6,3.977101,10.799243
134217728,128MB,65536,64KB,7,4.909765,8.747806
134217728,128MB,65536,64KB,8,4.296917,9.995462
134217728,128MB,65536,64KB,9,4.502732,9.538581
134217728,128MB,65536,64KB,10,3.940477,10.899613
134217728,128MB,131072,128KB,1,3.825805,11.226310
134217728,128MB,131072,128KB,2,3.104351,13.835315
134217728,128MB,131072,128KB,3,3.102928,13.841657
134217728,128MB,131072,128KB,4,3.395044,12.650697
134217728,128MB,131072,128KB,5,3.109305,13.813272
134217728,128MB,131072,128KB,6,3.128881,13.726846
134217728,128MB,131072,128KB,7,3.345515,12.837984
134217728,128MB,131072,128KB,8,3.104404,13.835077
134217728,128MB,131072,128KB,9,3.151536,13.628173
134217728,128MB,131072,128KB,10,3.111611,13.803036
134217728,128MB,196608,192KB,1,3.696219,11.619895
134217728,128MB,196608,192KB,2,3.312334,12.966590
134217728,128MB,196608,192KB,3,3.262678,13.163931
134217728,128MB,196608,192KB,4,3.194393,13.445332
134217728,128MB,196608,192KB,5,3.078070,13.953443
134217728,128MB,196608,192KB,6,3.074525,13.969532
134217728,128MB,196608,192KB,7,3.076517,13.960486
134217728,128MB,196608,192KB,8,3.078259,13.952588
134217728,128MB,196608,192KB,9,3.075504,13.965084
134217728,128MB,196608,192KB,10,3.074450,13.969872
134217728,128MB,262144,256KB,1,3.473847,12.363719
134217728,128MB,262144,256KB,2,3.065798,14.009297
134217728,128MB,262144,256KB,3,3.059868,14.036447
134217728,128MB,262144,256KB,4,3.057761,14.046116
134217728,128MB,262144,256KB,5,3.063391,14.020306
134217728,128MB,262144,256KB,6,3.056767,14.050686
134217728,128MB,262144,256KB,7,3.062241,14.025568
134217728,128MB,262144,256KB,8,3.055201,14.057886
134217728,128MB,262144,256KB,9,3.054384,14.061648
134217728,128MB,262144,256KB,10,3.058359,14.043372
134217728,128MB,524288,512KB,1,3.310754,12.972776
134217728,128MB,524288,512KB,2,3.044809,14.105867
134217728,128MB,524288,512KB,3,3.040064,14.127883
134217728,128MB,524288,512KB,4,3.039755,14.129321
134217728,128MB,524288,512KB,5,3.046004,14.100332
134217728,128MB,524288,512KB,6,3.033858,14.156785
134217728,128MB,524288,512KB,7,3.037463,14.139982
134217728,128MB,524288,512KB,8,3.044925,14.105331
134217728,128MB,524288,512KB,9,3.046021,14.100257
134217728,128MB,524288,512KB,10,3.044526,14.107179
134217728,128MB,1048576,1MB,1,3.329645,12.899175
134217728,128MB,1048576,1MB,2,3.117012,13.779117
134217728,128MB,1048576,1MB,3,3.030338,14.173229
134217728,128MB,1048576,1MB,4,3.023664,14.204511
134217728,128MB,1048576,1MB,5,3.020948,14.217285
134217728,128MB,1048576,1MB,6,3.020864,14.217680
134217728,128MB,1048576,1MB,7,3.029337,14.177911
134217728,128MB,1048576,1MB,8,3.021636,14.214045
134217728,128MB,1048576,1MB,9,3.022148,14.211637
134217728,128MB,1048576,1MB,10,3.029794,14.175771
134217728,128MB,4194304,4MB,1,3.299497,13.017038
134217728,128MB,4194304,4MB,2,3.020104,14.221256
134217728,128MB,4194304,4MB,3,3.019413,14.224509
134217728,128MB,4194304,4MB,4,3.017657,14.232786
134217728,128MB,4194304,4MB,5,3.017301,14.234470
134217728,128MB,4194304,4MB,6,3.023448,14.205530
134217728,128MB,4194304,4MB,7,3.019708,14.223120
134217728,128MB,4194304,4MB,8,3.018659,14.228064
134217728,128MB,4194304,4MB,9,3.018325,14.229640
134217728,128MB,4194304,4MB,10,3.020523,14.219284
134217728,128MB,16777216,16MB,1,3.307336,12.986182
134217728,128MB,16777216,16MB,2,3.024248,14.201768
134217728,128MB,16777216,16MB,3,3.015882,14.241164
134217728,128MB,16777216,16MB,4,3.017981,14.231260
134217728,128MB,16777216,16MB,5,3.021025,14.216919
134217728,128MB,16777216,16MB,6,3.020737,14.218278
134217728,128MB,16777216,16MB,7,3.023648,14.204588
134217728,128MB,16777216,16MB,8,3.016589,14.237825
134217728,128MB,16777216,16MB,9,3.016732,14.237151
134217728,128MB,16777216,16MB,10,3.024510,14.200540
134217728,128MB,67108864,64MB,1,3.302326,13.005885
134217728,128MB,67108864,64MB,2,3.023214,14.206626
134217728,128MB,67108864,64MB,3,3.021173,14.216224
134217728,128MB,67108864,64MB,4,3.024643,14.199913
134217728,128MB,67108864,64MB,5,3.015687,14.242085
134217728,128MB,67108864,64MB,6,3.016307,14.239158
134217728,128MB,67108864,64MB,7,3.015585,14.242568
134217728,128MB,67108864,64MB,8,3.017386,14.234067
134217728,128MB,67108864,64MB,9,3.017085,14.235488
134217728,128MB,67108864,64MB,10,3.015970,14.240752
268435456,256MB,65536,64KB,1,6.178174,6.951839
268435456,256MB,65536,64KB,2,5.886345,7.296493
268435456,256MB,65536,64KB,3,5.887552,7.294997
268435456,256MB,65536,64KB,4,5.885341,7.297738
268435456,256MB,65536,64KB,5,5.881460,7.302554
268435456,256MB,65536,64KB,6,5.877317,7.307701
268435456,256MB,65536,64KB,7,5.874996,7.310587
268435456,256MB,65536,64KB,8,5.880740,7.303447
268435456,256MB,65536,64KB,9,5.888669,7.293613
268435456,256MB,65536,64KB,10,5.881829,7.302095
268435456,256MB,131072,128KB,1,6.058908,7.088682
268435456,256MB,131072,128KB,2,5.773882,7.438613
268435456,256MB,131072,128KB,3,5.774229,7.438165
268435456,256MB,131072,128KB,4,5.922227,7.252285
268435456,256MB,131072,128KB,5,5.774295,7.438081
268435456,256MB,131072,128KB,6,5.779901,7.430867
268435456,256MB,131072,128KB,7,5.784244,7.425287
268435456,256MB,131072,128KB,8,5.775975,7.435917
268435456,256MB,131072,128KB,9,5.782131,7.428001
268435456,256MB,131072,128KB,10,5.777303,7.434208
268435456,256MB,196608,192KB,1,6.019241,7.135397
268435456,256MB,196608,192KB,2,5.745427,7.475453
268435456,256MB,196608,192KB,3,5.746382,7.474211
268435456,256MB,196608,192KB,4,5.743239,7.478301
268435456,256MB,196608,192KB,5,5.744385,7.476809
268435456,256MB,196608,192KB,6,5.746286,7.474336
268435456,256MB,196608,192KB,7,5.746988,7.473424
268435456,256MB,196608,192KB,8,5.751883,7.467063
268435456,256MB,196608,192KB,9,5.749599,7.470030
268435456,256MB,196608,192KB,10,5.814922,7.386113
268435456,256MB,262144,256KB,1,12.181046,3.525943
268435456,256MB,262144,256KB,2,5.736229,7.487441
268435456,256MB,262144,256KB,3,5.733877,7.490512
268435456,256MB,262144,256KB,4,5.737467,7.485825
268435456,256MB,262144,256KB,5,5.734776,7.489337
268435456,256MB,262144,256KB,6,5.732430,7.492402
268435456,256MB,262144,256KB,7,5.734639,7.489516
268435456,256MB,262144,256KB,8,5.737078,7.486333
268435456,256MB,262144,256KB,9,5.737572,7.485688
268435456,256MB,262144,256KB,10,5.738114,7.484980
268435456,256MB,524288,512KB,1,5.994174,7.165236
268435456,256MB,524288,512KB,2,5.706916,7.525899
268435456,256MB,524288,512KB,3,5.708887,7.523301
268435456,256MB,524288,512KB,4,5.710426,7.521273
268435456,256MB,524288,512KB,5,5.712276,7.518838
268435456,256MB,524288,512KB,6,5.710933,7.520606
268435456,256MB,524288,512KB,7,5.712673,7.518315
268435456,256MB,524288,512KB,8,5.713252,7.517553
268435456,256MB,524288,512KB,9,5.709066,7.523064
268435456,256MB,524288,512KB,10,5.709269,7.522797
268435456,256MB,1048576,1MB,1,5.980423,7.181711
268435456,256MB,1048576,1MB,2,5.703124,7.530902
268435456,256MB,1048576,1MB,3,5.699357,7.535881
268435456,256MB,1048576,1MB,4,5.698866,7.536530
268435456,256MB,1048576,1MB,5,5.704633,7.528911
268435456,256MB,1048576,1MB,6,5.698721,7.536722
268435456,256MB,1048576,1MB,7,5.700140,7.534845
268435456,256MB,1048576,1MB,8,5.698902,7.536482
268435456,256MB,1048576,1MB,9,5.699728,7.535389
268435456,256MB,1048576,1MB,10,5.698372,7.537183
268435456,256MB,4194304,4MB,1,5.972564,7.191161
268435456,256MB,4194304,4MB,2,5.693520,7.543606
268435456,256MB,4194304,4MB,3,5.693223,7.544000
268435456,256MB,4194304,4MB,4,5.697197,7.538738
268435456,256MB,4194304,4MB,5,5.702112,7.532240
268435456,256MB,4194304,4MB,6,5.699933,7.535119
268435456,256MB,4194304,4MB,7,5.717108,7.512482
268435456,256MB,4194304,4MB,8,5.697353,7.538531
268435456,256MB,4194304,4MB,9,5.692831,7.544519
268435456,256MB,4194304,4MB,10,5.696098,7.540193
268435456,256MB,16777216,16MB,1,5.973336,7.190232
268435456,256MB,16777216,16MB,2,5.688343,7.550471
268435456,256MB,16777216,16MB,3,5.695958,7.540378
268435456,256MB,16777216,16MB,4,5.694634,7.542131
268435456,256MB,16777216,16MB,5,5.692794,7.544569
268435456,256MB,16777216,16MB,6,5.700642,7.534182
268435456,256MB,16777216,16MB,7,5.690252,7.547938
268435456,256MB,16777216,16MB,8,5.693390,7.543779
268435456,256MB,16777216,16MB,9,5.691573,7.546186
268435456,256MB,16777216,16MB,10,5.694828,7.541873
268435456,256MB,67108864,64MB,1,5.971521,7.192418
268435456,256MB,67108864,64MB,2,5.689879,7.548434
268435456,256MB,67108864,64MB,3,5.691074,7.546848
268435456,256MB,67108864,64MB,4,5.714690,7.515661
268435456,256MB,67108864,64MB,5,5.694260,7.542626
268435456,256MB,67108864,64MB,6,5.694779,7.541938
268435456,256MB,67108864,64MB,7,5.692983,7.544318
268435456,256MB,67108864,64MB,8,5.691626,7.546116
268435456,256MB,67108864,64MB,9,5.695351,7.541181
268435456,256MB,67108864,64MB,10,5.686749,7.552588
268435456,256MB,268435456,256MB,1,5.976883,7.185966
268435456,256MB,268435456,256MB,2,5.693795,7.543243
268435456,256MB,268435456,256MB,3,5.691318,7.546524
268435456,256MB,268435456,256MB,4,5.692645,7.544766
268435456,256MB,268435456,256MB,5,5.687096,7.552127
268435456,256MB,268435456,256MB,6,5.694751,7.541976
268435456,256MB,268435456,256MB,7,5.690997,7.546951
268435456,256MB,268435456,256MB,8,5.696584,7.539549
268435456,256MB,268435456,256MB,9,5.698705,7.536743
268435456,256MB,268435456,256MB,10,5.694145,7.542779
536870912,512MB,65536,64KB,1,11.495243,3.736300
536870912,512MB,65536,64KB,2,11.224042,3.826578
536870912,512MB,65536,64KB,3,11.225185,3.826189
536870912,512MB,65536,64KB,4,11.230009,3.824545
536870912,512MB,65536,64KB,5,11.217301,3.828878
536870912,512MB,65536,64KB,6,11.218853,3.828348
536870912,512MB,65536,64KB,7,11.220271,3.827864
536870912,512MB,65536,64KB,8,11.215773,3.829399
536870912,512MB,65536,64KB,9,11.215703,3.829423
536870912,512MB,65536,64KB,10,11.232117,3.823827
536870912,512MB,131072,128KB,1,11.392038,3.770148
536870912,512MB,131072,128KB,2,11.135698,3.856936
536870912,512MB,131072,128KB,3,11.125616,3.860431
536870912,512MB,131072,128KB,4,11.122640,3.861464
536870912,512MB,131072,128KB,5,11.125835,3.860355
536870912,512MB,131072,128KB,6,11.129217,3.859182
536870912,512MB,131072,128KB,7,11.126463,3.860137
536870912,512MB,131072,128KB,8,11.121443,3.861879
536870912,512MB,131072,128KB,9,11.123429,3.861190
536870912,512MB,131072,128KB,10,11.155031,3.850251
536870912,512MB,196608,192KB,1,11.373593,3.776262
536870912,512MB,196608,192KB,2,11.100776,3.869069
536870912,512MB,196608,192KB,3,11.093143,3.871732
536870912,512MB,196608,192KB,4,11.094974,3.871093
536870912,512MB,196608,192KB,5,11.091911,3.872162
536870912,512MB,196608,192KB,6,11.091241,3.872396
536870912,512MB,196608,192KB,7,11.094251,3.871345
536870912,512MB,196608,192KB,8,11.091910,3.872162
536870912,512MB,196608,192KB,9,11.101467,3.868828
536870912,512MB,196608,192KB,10,11.088011,3.873524
536870912,512MB,262144,256KB,1,11.368690,3.777891
536870912,512MB,262144,256KB,2,11.077739,3.877115
536870912,512MB,262144,256KB,3,11.080704,3.876078
536870912,512MB,262144,256KB,4,11.082785,3.875350
536870912,512MB,262144,256KB,5,11.076353,3.877601
536870912,512MB,262144,256KB,6,11.080332,3.876208
536870912,512MB,262144,256KB,7,11.084852,3.874627
536870912,512MB,262144,256KB,8,11.084314,3.874815
536870912,512MB,262144,256KB,9,11.080050,3.876307
536870912,512MB,262144,256KB,10,11.106440,3.867096
536870912,512MB,524288,512KB,1,11.347851,3.784829
536870912,512MB,524288,512KB,2,11.063608,3.882068
536870912,512MB,524288,512KB,3,11.127160,3.859895
536870912,512MB,524288,512KB,4,11.054676,3.885204
536870912,512MB,524288,512KB,5,11.314274,3.796061
536870912,512MB,524288,512KB,6,11.058584,3.883831
536870912,512MB,524288,512KB,7,11.060676,3.883096
536870912,512MB,524288,512KB,8,11.064916,3.881609
536870912,512MB,524288,512KB,9,11.059466,3.883521
536870912,512MB,524288,512KB,10,11.063018,3.882274
536870912,512MB,1048576,1MB,1,11.330500,3.790625
536870912,512MB,1048576,1MB,2,11.050283,3.886749
536870912,512MB,1048576,1MB,3,11.046375,3.888124
536870912,512MB,1048576,1MB,4,11.053304,3.885686
536870912,512MB,1048576,1MB,5,11.046418,3.888109
536870912,512MB,1048576,1MB,6,11.048025,3.887543
536870912,512MB,1048576,1MB,7,11.055138,3.885042
536870912,512MB,1048576,1MB,8,11.052298,3.886040
536870912,512MB,1048576,1MB,9,11.050879,3.886539
536870912,512MB,1048576,1MB,10,11.057075,3.884361
536870912,512MB,4194304,4MB,1,11.328083,3.791433
536870912,512MB,4194304,4MB,2,11.041442,3.889861
536870912,512MB,4194304,4MB,3,11.048476,3.887384
536870912,512MB,4194304,4MB,4,11.049505,3.887022
536870912,512MB,4194304,4MB,5,23.939192,1.794115
536870912,512MB,4194304,4MB,6,11.094612,3.871219
536870912,512MB,4194304,4MB,7,11.042767,3.889394
536870912,512MB,4194304,4MB,8,11.046965,3.887916
536870912,512MB,4194304,4MB,9,11.050714,3.886597
536870912,512MB,4194304,4MB,10,11.041892,3.889702
536870912,512MB,16777216,16MB,1,11.324374,3.792675
536870912,512MB,16777216,16MB,2,11.047311,3.887794
536870912,512MB,16777216,16MB,3,11.044559,3.888763
536870912,512MB,16777216,16MB,4,11.043097,3.889278
536870912,512MB,16777216,16MB,5,11.047713,3.887653
536870912,512MB,16777216,16MB,6,11.043614,3.889096
536870912,512MB,16777216,16MB,7,11.043109,3.889274
536870912,512MB,16777216,16MB,8,11.047868,3.887598
536870912,512MB,16777216,16MB,9,11.048519,3.887369
536870912,512MB,16777216,16MB,10,11.044189,3.888893
536870912,512MB,67108864,64MB,1,11.320357,3.794021
536870912,512MB,67108864,64MB,2,11.064144,3.881879
536870912,512MB,67108864,64MB,3,11.051093,3.886464
536870912,512MB,67108864,64MB,4,11.044927,3.888634
536870912,512MB,67108864,64MB,5,11.041797,3.889736
536870912,512MB,67108864,64MB,6,11.039730,3.890464
536870912,512MB,67108864,64MB,7,11.040374,3.890237
536870912,512MB,67108864,64MB,8,11.044933,3.888631
536870912,512MB,67108864,64MB,9,11.046877,3.887947
536870912,512MB,67108864,64MB,10,11.045898,3.888292
536870912,512MB,268435456,256MB,1,11.323747,3.792885
536870912,512MB,268435456,256MB,2,11.047811,3.887619
536870912,512MB,268435456,256MB,3,11.040559,3.890172
536870912,512MB,268435456,256MB,4,11.076366,3.877596
536870912,512MB,268435456,256MB,5,11.041220,3.889939
536870912,512MB,268435456,256MB,6,11.049279,3.887102
536870912,512MB,268435456,256MB,7,11.043579,3.889108
536870912,512MB,268435456,256MB,8,11.042373,3.889533
536870912,512MB,268435456,256MB,9,11.073210,3.878701
536870912,512MB,268435456,256MB,10,11.048857,3.887250
536870912,512MB,536870912,512MB,1,11.318438,3.794664
536870912,512MB,536870912,512MB,2,11.045518,3.888426
536870912,512MB,536870912,512MB,3,11.040452,3.890210
536870912,512MB,536870912,512MB,4,11.042239,3.889580
536870912,512MB,536870912,512MB,5,11.041843,3.889720
536870912,512MB,536870912,512MB,6,11.038359,3.890947
536870912,512MB,536870912,512MB,7,11.044958,3.888622
536870912,512MB,536870912,512MB,8,11.047626,3.887684
536870912,512MB,536870912,512MB,9,11.042843,3.889367
536870912,512MB,536870912,512MB,10,11.042328,3.889549
1073741824,1024MB,65536,64KB,1,22.177665,1.936618
1073741824,1024MB,65536,64KB,2,21.922790,1.959134
1073741824,1024MB,65536,64KB,3,21.901151,1.961069
1073741824,1024MB,65536,64KB,4,21.888037,1.962244
1073741824,1024MB,65536,64KB,5,21.901035,1.961080
1073741824,1024MB,65536,64KB,6,21.899125,1.961251
1073741824,1024MB,65536,64KB,7,21.898885,1.961272
1073741824,1024MB,65536,64KB,8,21.894550,1.961660
1073741824,1024MB,65536,64KB,9,21.892127,1.961878
1073741824,1024MB,65536,64KB,10,21.894447,1.961670
1073741824,1024MB,131072,128KB,1,22.090385,1.944270
1073741824,1024MB,131072,128KB,2,21.816351,1.968692
1073741824,1024MB,131072,128KB,3,21.812348,1.969053
1073741824,1024MB,131072,128KB,4,21.813769,1.968925
1073741824,1024MB,131072,128KB,5,21.818690,1.968481
1073741824,1024MB,131072,128KB,6,21.817907,1.968551
1073741824,1024MB,131072,128KB,7,21.840080,1.966553
1073741824,1024MB,131072,128KB,8,21.844958,1.966114
1073741824,1024MB,131072,128KB,9,21.817239,1.968612
1073741824,1024MB,131072,128KB,10,21.819148,1.968439
1073741824,1024MB,196608,192KB,1,22.075922,1.945544
1073741824,1024MB,196608,192KB,2,21.790525,1.971025
1073741824,1024MB,196608,192KB,3,21.789299,1.971136
1073741824,1024MB,196608,192KB,4,21.786020,1.971433
1073741824,1024MB,196608,192KB,5,22.074738,1.945648
1073741824,1024MB,196608,192KB,6,22.076745,1.945471
1073741824,1024MB,196608,192KB,7,21.806943,1.969541
1073741824,1024MB,196608,192KB,8,21.817069,1.968627
1073741824,1024MB,196608,192KB,9,21.789744,1.971096
1073741824,1024MB,196608,192KB,10,21.789910,1.971081
1073741824,1024MB,262144,256KB,1,22.059260,1.947013
1073741824,1024MB,262144,256KB,2,21.782353,1.971765
1073741824,1024MB,262144,256KB,3,21.780887,1.971897
1073741824,1024MB,262144,256KB,4,21.779254,1.972045
1073741824,1024MB,262144,256KB,5,21.781157,1.971873
1073741824,1024MB,262144,256KB,6,21.782533,1.971748
1073741824,1024MB,262144,256KB,7,21.780309,1.971950
1073741824,1024MB,262144,256KB,8,21.778254,1.972136
1073741824,1024MB,262144,256KB,9,21.791915,1.970899
1073741824,1024MB,262144,256KB,10,21.786796,1.971362
1073741824,1024MB,524288,512KB,1,22.040076,1.948708
1073741824,1024MB,524288,512KB,2,21.768020,1.973063
1073741824,1024MB,524288,512KB,3,21.765497,1.973292
1073741824,1024MB,524288,512KB,4,21.765113,1.973326
1073741824,1024MB,524288,512KB,5,21.799148,1.970245
1073741824,1024MB,524288,512KB,6,21.767409,1.973118
1073741824,1024MB,524288,512KB,7,21.763178,1.973502
1073741824,1024MB,524288,512KB,8,21.764469,1.973385
1073741824,1024MB,524288,512KB,9,21.761108,1.973690
1073741824,1024MB,524288,512KB,10,21.762501,1.973563
1073741824,1024MB,1048576,1MB,1,22.127092,1.941045
1073741824,1024MB,1048576,1MB,2,21.757478,1.974019
1073741824,1024MB,1048576,1MB,3,21.749190,1.974771
1073741824,1024MB,1048576,1MB,4,21.755021,1.974242
1073741824,1024MB,1048576,1MB,5,21.755150,1.974230
1073741824,1024MB,1048576,1MB,6,21.750465,1.974655
1073741824,1024MB,1048576,1MB,7,21.759938,1.973796
1073741824,1024MB,1048576,1MB,8,21.753896,1.974344
1073741824,1024MB,1048576,1MB,9,21.753578,1.974373
1073741824,1024MB,1048576,1MB,10,21.756639,1.974095
1073741824,1024MB,4194304,4MB,1,22.025785,1.949972
1073741824,1024MB,4194304,4MB,2,21.749332,1.974758
1073741824,1024MB,4194304,4MB,3,21.745035,1.975148
1073741824,1024MB,4194304,4MB,4,21.746217,1.975041
1073741824,1024MB,4194304,4MB,5,21.752943,1.974430
1073741824,1024MB,4194304,4MB,6,21.754494,1.974290
1073741824,1024MB,4194304,4MB,7,21.747842,1.974894
1073741824,1024MB,4194304,4MB,8,21.748642,1.974821
1073741824,1024MB,4194304,4MB,9,21.748121,1.974868
1073741824,1024MB,4194304,4MB,10,21.747340,1.974939
1073741824,1024MB,16777216,16MB,1,22.021400,1.950361
1073741824,1024MB,16777216,16MB,2,21.749793,1.974716
1073741824,1024MB,16777216,16MB,3,21.749713,1.974724
1073741824,1024MB,16777216,16MB,4,21.748486,1.974835
1073741824,1024MB,16777216,16MB,5,21.750112,1.974687
1073741824,1024MB,16777216,16MB,6,21.750058,1.974692
1073741824,1024MB,16777216,16MB,7,21.754398,1.974298
1073741824,1024MB,16777216,16MB,8,21.751092,1.974598
1073741824,1024MB,16777216,16MB,9,21.754510,1.974288
1073741824,1024MB,16777216,16MB,10,21.748599,1.974825
1073741824,1024MB,67108864,64MB,1,22.026415,1.949917
1073741824,1024MB,67108864,64MB,2,21.752737,1.974449
1073741824,1024MB,67108864,64MB,3,21.744438,1.975203
1073741824,1024MB,67108864,64MB,4,21.752309,1.974488
1073741824,1024MB,67108864,64MB,5,21.753972,1.974337
1073741824,1024MB,67108864,64MB,6,21.748606,1.974824
1073741824,1024MB,67108864,64MB,7,21.754509,1.974288
1073741824,1024MB,67108864,64MB,8,21.752947,1.974430
1073741824,1024MB,67108864,64MB,9,21.750525,1.974650
1073741824,1024MB,67108864,64MB,10,21.751464,1.974565
1073741824,1024MB,268435456,256MB,1,22.024806,1.950059
1073741824,1024MB,268435456,256MB,2,21.750152,1.974684
1073741824,1024MB,268435456,256MB,3,21.746377,1.975027
1073741824,1024MB,268435456,256MB,4,21.749506,1.974742
1073741824,1024MB,268435456,256MB,5,21.751750,1.974539
1073741824,1024MB,268435456,256MB,6,21.745738,1.975085
1073741824,1024MB,268435456,256MB,7,21.747258,1.974947
1073741824,1024MB,268435456,256MB,8,21.751217,1.974587
1073741824,1024MB,268435456,256MB,9,21.749675,1.974727
1073741824,1024MB,268435456,256MB,10,21.748695,1.974816
1073741824,1024MB,536870912,512MB,1,22.020488,1.950441
1073741824,1024MB,536870912,512MB,2,21.746827,1.974986
1073741824,1024MB,536870912,512MB,3,21.749472,1.974746
1073741824,1024MB,536870912,512MB,4,21.746878,1.974981
1073741824,1024MB,536870912,512MB,5,21.750678,1.974636
1073741824,1024MB,536870912,512MB,6,21.746218,1.975041
1073741824,1024MB,536870912,512MB,7,21.752946,1.974430
1073741824,1024MB,536870912,512MB,8,21.748997,1.974789
1073741824,1024MB,536870912,512MB,9,21.751618,1.974551
1073741824,1024MB,536870912,512MB,10,21.747820,1.974896
1073741824,1024MB,1073741824,1024MB,1,22.024027,1.950128
1073741824,1024MB,1073741824,1024MB,2,21.748709,1.974815
1073741824,1024MB,1073741824,1024MB,3,21.747342,1.974939
1073741824,1024MB,1073741824,1024MB,4,21.747879,1.974890
1073741824,1024MB,1073741824,1024MB,5,21.752729,1.974450
1073741824,1024MB,1073741824,1024MB,6,21.749830,1.974713
1073741824,1024MB,1073741824,1024MB,7,21.754557,1.974284
1073741824,1024MB,1073741824,1024MB,8,21.745623,1.975095
1073741824,1024MB,1073741824,1024MB,9,21.747155,1.974956
1073741824,1024MB,1073741824,1024MB,10,21.746581,1.975008
2147483648,2048MB,65536,64KB,1,43.540767,0.986424
2147483648,2048MB,65536,64KB,2,43.260002,0.992826
2147483648,2048MB,65536,64KB,3,43.261750,0.992786
2147483648,2048MB,65536,64KB,4,43.260191,0.992822
2147483648,2048MB,65536,64KB,5,43.258970,0.992850
2147483648,2048MB,65536,64KB,6,43.263688,0.992742
2147483648,2048MB,65536,64KB,7,43.267805,0.992647
2147483648,2048MB,65536,64KB,8,43.262558,0.992768
2147483648,2048MB,65536,64KB,9,43.263583,0.992744
2147483648,2048MB,65536,64KB,10,43.283524,0.992287
2147483648,2048MB,131072,128KB,1,43.478210,0.987844
2147483648,2048MB,131072,128KB,2,43.202114,0.994157
2147483648,2048MB,131072,128KB,3,43.199329,0.994221
2147483648,2048MB,131072,128KB,4,43.225116,0.993628
2147483648,2048MB,131072,128KB,5,43.209715,0.993982
2147483648,2048MB,131072,128KB,6,43.221567,0.993709
2147483648,2048MB,131072,128KB,7,43.223679,0.993661
2147483648,2048MB,131072,128KB,8,43.203885,0.994116
2147483648,2048MB,131072,128KB,9,43.201752,0.994165
2147483648,2048MB,131072,128KB,10,43.203680,0.994121
2147483648,2048MB,196608,192KB,1,43.467034,0.988098
2147483648,2048MB,196608,192KB,2,43.268489,0.992632
2147483648,2048MB,196608,192KB,3,43.195565,0.994307
2147483648,2048MB,196608,192KB,4,43.183791,0.994579
2147483648,2048MB,196608,192KB,5,43.189293,0.994452
2147483648,2048MB,196608,192KB,6,43.189438,0.994449
2147483648,2048MB,196608,192KB,7,43.196744,0.994280
2147483648,2048MB,196608,192KB,8,43.217386,0.993805
2147483648,2048MB,196608,192KB,9,43.193469,0.994356
2147483648,2048MB,196608,192KB,10,43.186615,0.994514
2147483648,2048MB,262144,256KB,1,43.454019,0.988394
2147483648,2048MB,262144,256KB,2,43.173408,0.994818
2147483648,2048MB,262144,256KB,3,43.174374,0.994795
2147483648,2048MB,262144,256KB,4,43.174027,0.994803
2147483648,2048MB,262144,256KB,5,43.176538,0.994746
2147483648,2048MB,262144,256KB,6,43.177680,0.994719
2147483648,2048MB,262144,256KB,7,43.185291,0.994544
2147483648,2048MB,262144,256KB,8,43.177367,0.994727
2147483648,2048MB,262144,256KB,9,43.194180,0.994339
2147483648,2048MB,262144,256KB,10,43.179254,0.994683
2147483648,2048MB,524288,512KB,1,43.442556,0.988654
2147483648,2048MB,524288,512KB,2,43.164693,0.995019
2147483648,2048MB,524288,512KB,3,43.163202,0.995053
2147483648,2048MB,524288,512KB,4,43.163666,0.995042
2147483648,2048MB,524288,512KB,5,43.164253,0.995029
2147483648,2048MB,524288,512KB,6,43.169790,0.994901
2147483648,2048MB,524288,512KB,7,43.177175,0.994731
2147483648,2048MB,524288,512KB,8,43.167691,0.994950
2147483648,2048MB,524288,512KB,9,43.240143,0.993282
2147483648,2048MB,524288,512KB,10,43.165894,0.994991
2147483648,2048MB,1048576,1MB,1,43.434940,0.988828
2147483648,2048MB,1048576,1MB,2,43.164388,0.995026
2147483648,2048MB,1048576,1MB,3,43.159159,0.995146
2147483648,2048MB,1048576,1MB,4,43.160153,0.995123
2147483648,2048MB,1048576,1MB,5,43.163916,0.995037
2147483648,2048MB,1048576,1MB,6,43.162806,0.995062
2147483648,2048MB,1048576,1MB,7,43.164757,0.995017
2147483648,2048MB,1048576,1MB,8,43.160084,0.995125
2147483648,2048MB,1048576,1MB,9,43.158216,0.995168
2147483648,2048MB,1048576,1MB,10,43.156978,0.995196
2147483648,2048MB,4194304,4MB,1,43.427417,0.988999
2147483648,2048MB,4194304,4MB,2,43.157041,0.995195
2147483648,2048MB,4194304,4MB,3,43.156008,0.995219
2147483648,2048MB,4194304,4MB,4,43.155102,0.995240
2147483648,2048MB,4194304,4MB,5,43.154142,0.995262
2147483648,2048MB,4194304,4MB,6,43.155575,0.995229
2147483648,2048MB,4194304,4MB,7,43.162177,0.995077
2147483648,2048MB,4194304,4MB,8,43.157789,0.995178
2147483648,2048MB,4194304,4MB,9,43.155525,0.995230
2147483648,2048MB,4194304,4MB,10,43.157955,0.995174
2147483648,2048MB,16777216,16MB,1,43.435819,0.988808
2147483648,2048MB,16777216,16MB,2,43.155124,0.995239
2147483648,2048MB,16777216,16MB,3,43.155961,0.995220
2147483648,2048MB,16777216,16MB,4,43.158027,0.995172
2147483648,2048MB,16777216,16MB,5,43.154238,0.995260
2147483648,2048MB,16777216,16MB,6,43.158547,0.995160
2147483648,2048MB,16777216,16MB,7,43.162327,0.995073
2147483648,2048MB,16777216,16MB,8,43.351508,0.990731
2147483648,2048MB,16777216,16MB,9,43.156481,0.995208
2147483648,2048MB,16777216,16MB,10,43.157532,0.995184
2147483648,2048MB,67108864,64MB,1,43.438885,0.988738
2147483648,2048MB,67108864,64MB,2,43.162354,0.995073
2147483648,2048MB,67108864,64MB,3,43.160381,0.995118
2147483648,2048MB,67108864,64MB,4,43.159299,0.995143
2147483648,2048MB,67108864,64MB,5,43.156036,0.995218
2147483648,2048MB,67108864,64MB,6,43.164178,0.995030
2147483648,2048MB,67108864,64MB,7,43.162481,0.995070
2147483648,2048MB,67108864,64MB,8,43.160611,0.995113
2147483648,2048MB,67108864,64MB,9,43.157834,0.995177
2147483648,2048MB,67108864,64MB,10,43.160366,0.995118
2147483648,2048MB,268435456,256MB,1,43.432964,0.988873
2147483648,2048MB,268435456,256MB,2,43.158698,0.995157
2147483648,2048MB,268435456,256MB,3,43.157631,0.995181
2147483648,2048MB,268435456,256MB,4,43.157769,0.995178
2147483648,2048MB,268435456,256MB,5,43.154623,0.995251
2147483648,2048MB,268435456,256MB,6,43.156691,0.995203
2147483648,2048MB,268435456,256MB,7,43.159627,0.995135
2147483648,2048MB,268435456,256MB,8,43.154585,0.995252
2147483648,2048MB,268435456,256MB,9,43.161507,0.995092
2147483648,2048MB,268435456,256MB,10,43.186675,0.994512
2147483648,2048MB,536870912,512MB,1,43.435130,0.988823
2147483648,2048MB,536870912,512MB,2,43.154297,0.995258
2147483648,2048MB,536870912,512MB,3,43.154689,0.995249
2147483648,2048MB,536870912,512MB,4,43.154500,0.995254
2147483648,2048MB,536870912,512MB,5,43.157964,0.995174
2147483648,2048MB,536870912,512MB,6,43.157670,0.995181
2147483648,2048MB,536870912,512MB,7,43.160699,0.995111
2147483648,2048MB,536870912,512MB,8,43.157692,0.995180
2147483648,2048MB,536870912,512MB,9,43.153184,0.995284
2147483648,2048MB,536870912,512MB,10,43.187444,0.994494
2147483648,2048MB,1073741824,1024MB,1,43.435366,0.988818
2147483648,2048MB,1073741824,1024MB,2,43.159285,0.995143
2147483648,2048MB,1073741824,1024MB,3,43.157288,0.995189
2147483648,2048MB,1073741824,1024MB,4,43.159220,0.995145
2147483648,2048MB,1073741824,1024MB,5,43.151951,0.995312
2147483648,2048MB,1073741824,1024MB,6,43.157774,0.995178
2147483648,2048MB,1073741824,1024MB,7,43.161560,0.995091
2147483648,2048MB,1073741824,1024MB,8,43.154784,0.995247
2147483648,2048MB,1073741824,1024MB,9,43.158194,0.995168
2147483648,2048MB,1073741824,1024MB,10,43.159229,0.995145
5368709120,5120MB,65536,64KB,1,54.478833,0.788374
5368709120,5120MB,65536,64KB,2,54.186091,0.792633
5368709120,5120MB,65536,64KB,3,54.196634,0.792479
5368709120,5120MB,65536,64KB,4,54.197382,0.792468
5368709120,5120MB,65536,64KB,5,54.195647,0.792493
5368709120,5120MB,65536,64KB,6,54.188733,0.792594
5368709120,5120MB,65536,64KB,7,54.227789,0.792023
5368709120,5120MB,65536,64KB,8,54.193471,0.792525
5368709120,5120MB,65536,64KB,9,54.191992,0.792546
5368709120,5120MB,65536,64KB,10,54.194731,0.792506
5368709120,5120MB,131072,128KB,1,54.382755,0.789766
5368709120,5120MB,131072,128KB,2,54.089437,0.794049
5368709120,5120MB,131072,128KB,3,54.095543,0.793960
5368709120,5120MB,131072,128KB,4,54.096332,0.793948
5368709120,5120MB,131072,128KB,5,54.099149,0.793907
5368709120,5120MB,131072,128KB,6,54.098492,0.793916
5368709120,5120MB,131072,128KB,7,54.125144,0.793525
5368709120,5120MB,131072,128KB,8,54.094870,0.793969
5368709120,5120MB,131072,128KB,9,54.101627,0.793870
5368709120,5120MB,131072,128KB,10,54.183473,0.792671
5368709120,5120MB,196608,192KB,1,54.359952,0.790098
5368709120,5120MB,196608,192KB,2,54.077444,0.794225
5368709120,5120MB,196608,192KB,3,54.079307,0.794198
5368709120,5120MB,196608,192KB,4,54.083705,0.794133
5368709120,5120MB,196608,192KB,5,54.091409,0.794020
5368709120,5120MB,196608,192KB,6,54.077504,0.794224
5368709120,5120MB,196608,192KB,7,54.107738,0.793781
5368709120,5120MB,196608,192KB,8,54.076664,0.794237
5368709120,5120MB,196608,192KB,9,54.078469,0.794210
5368709120,5120MB,196608,192KB,10,54.085780,0.794103
5368709120,5120MB,262144,256KB,1,54.350814,0.790231
5368709120,5120MB,262144,256KB,2,54.067448,0.794372
5368709120,5120MB,262144,256KB,3,54.058264,0.794507
5368709120,5120MB,262144,256KB,4,54.054456,0.794563
5368709120,5120MB,262144,256KB,5,54.053982,0.794570
5368709120,5120MB,262144,256KB,6,54.059901,0.794483
5368709120,5120MB,262144,256KB,7,54.092043,0.794011
5368709120,5120MB,262144,256KB,8,54.057954,0.794512
5368709120,5120MB,262144,256KB,9,54.053127,0.794583
5368709120,5120MB,262144,256KB,10,54.058892,0.794498
5368709120,5120MB,524288,512KB,1,54.327308,0.790572
5368709120,5120MB,524288,512KB,2,54.039721,0.794780
5368709120,5120MB,524288,512KB,3,54.106341,0.793801
5368709120,5120MB,524288,512KB,4,54.038081,0.794804
5368709120,5120MB,524288,512KB,5,54.038020,0.794805
5368709120,5120MB,524288,512KB,6,54.036387,0.794829
5368709120,5120MB,524288,512KB,7,54.073660,0.794281
5368709120,5120MB,524288,512KB,8,54.038177,0.794802
5368709120,5120MB,524288,512KB,9,54.038201,0.794802
5368709120,5120MB,524288,512KB,10,54.035714,0.794839
5368709120,5120MB,1048576,1MB,1,54.317918,0.790709
5368709120,5120MB,1048576,1MB,2,54.031620,0.794899
5368709120,5120MB,1048576,1MB,3,54.029760,0.794926
5368709120,5120MB,1048576,1MB,4,54.027235,0.794963
5368709120,5120MB,1048576,1MB,5,54.031078,0.794907
5368709120,5120MB,1048576,1MB,6,54.033459,0.794872
5368709120,5120MB,1048576,1MB,7,54.066587,0.794385
5368709120,5120MB,1048576,1MB,8,54.033411,0.794873
5368709120,5120MB,1048576,1MB,9,54.033804,0.794867
5368709120,5120MB,1048576,1MB,10,54.030550,0.794915
5368709120,5120MB,4194304,4MB,1,54.312840,0.790783
5368709120,5120MB,4194304,4MB,2,54.027441,0.794960
5368709120,5120MB,4194304,4MB,3,54.029828,0.794925
5368709120,5120MB,4194304,4MB,4,54.032249,0.794890
5368709120,5120MB,4194304,4MB,5,54.028249,0.794948
5368709120,5120MB,4194304,4MB,6,54.026194,0.794979
5368709120,5120MB,4194304,4MB,7,54.059367,0.794491
5368709120,5120MB,4194304,4MB,8,54.021892,0.795042
5368709120,5120MB,4194304,4MB,9,54.027101,0.794965
5368709120,5120MB,4194304,4MB,10,54.030786,0.794911
5368709120,5120MB,16777216,16MB,1,54.310646,0.790815
5368709120,5120MB,16777216,16MB,2,54.024727,0.795000
5368709120,5120MB,16777216,16MB,3,54.022264,0.795037
5368709120,5120MB,16777216,16MB,4,54.028870,0.794939
5368709120,5120MB,16777216,16MB,5,54.025053,0.794995
5368709120,5120MB,16777216,16MB,6,54.021514,0.795048
5368709120,5120MB,16777216,16MB,7,54.058828,0.794499
5368709120,5120MB,16777216,16MB,8,54.027411,0.794961
5368709120,5120MB,16777216,16MB,9,54.029561,0.794929
5368709120,5120MB,16777216,16MB,10,54.028917,0.794939
5368709120,5120MB,67108864,64MB,1,54.313437,0.790774
5368709120,5120MB,67108864,64MB,2,54.026466,0.794975
5368709120,5120MB,67108864,64MB,3,54.027793,0.794955
5368709120,5120MB,67108864,64MB,4,54.026074,0.794980
5368709120,5120MB,67108864,64MB,5,54.019909,0.795071
5368709120,5120MB,67108864,64MB,6,54.021540,0.795047
5368709120,5120MB,67108864,64MB,7,54.060208,0.794479
5368709120,5120MB,67108864,64MB,8,54.028689,0.794942
5368709120,5120MB,67108864,64MB,9,54.020745,0.795059
5368709120,5120MB,67108864,64MB,10,54.025925,0.794983
5368709120,5120MB,268435456,256MB,1,54.315632,0.790742
5368709120,5120MB,268435456,256MB,2,54.032145,0.794891
5368709120,5120MB,268435456,256MB,3,54.022276,0.795036
5368709120,5120MB,268435456,256MB,4,54.023580,0.795017
5368709120,5120MB,268435456,256MB,5,54.030172,0.794920
5368709120,5120MB,268435456,256MB,6,54.025120,0.794994
5368709120,5120MB,268435456,256MB,7,54.059801,0.794484
5368709120,5120MB,268435456,256MB,8,54.026324,0.794977
5368709120,5120MB,268435456,256MB,9,54.024794,0.794999
5368709120,5120MB,268435456,256MB,10,54.028857,0.794940
5368709120,5120MB,536870912,512MB,1,54.309113,0.790837
5368709120,5120MB,536870912,512MB,2,54.028533,0.794944
5368709120,5120MB,536870912,512MB,3,54.030076,0.794922
5368709120,5120MB,536870912,512MB,4,54.031074,0.794907
5368709120,5120MB,536870912,512MB,5,54.031958,0.794894
5368709120,5120MB,536870912,512MB,6,54.026167,0.794979
5368709120,5120MB,536870912,512MB,7,54.056724,0.794530
5368709120,5120MB,536870912,512MB,8,54.027567,0.794958
5368709120,5120MB,536870912,512MB,9,54.021550,0.795047
5368709120,5120MB,536870912,512MB,10,54.025404,0.794990
5368709120,5120MB,1073741824,1024MB,1,54.308640,0.790844
5368709120,5120MB,1073741824,1024MB,2,54.027220,0.794964
5368709120,5120MB,1073741824,1024MB,3,54.039540,0.794782
5368709120,5120MB,1073741824,1024MB,4,54.033308,0.794874
5368709120,5120MB,1073741824,1024MB,5,54.026954,0.794968
5368709120,5120MB,1073741824,1024MB,6,54.032254,0.794890
5368709120,5120MB,1073741824,1024MB,7,54.063964,0.794423
5368709120,5120MB,1073741824,1024MB,8,54.029076,0.794936
5368709120,5120MB,1073741824,1024MB,9,54.029411,0.794931
5368709120,5120MB,1073741824,1024MB,10,54.031692,0.794898
8388608,8MB,8388608,8MB,1,1.987680,21.607942
8388608,8MB,8388608,8MB,2,1.631201,26.330100
8388608,8MB,8388608,8MB,3,1.463239,29.352460
8388608,8MB,8388608,8MB,4,1.383097,31.053268
8388608,8MB,8388608,8MB,5,1.567947,27.392304
8388608,8MB,8388608,8MB,6,1.466824,29.280723
8388608,8MB,8388608,8MB,7,1.502071,28.593635
8388608,8MB,8388608,8MB,8,1.503179,28.572557
8388608,8MB,8388608,8MB,9,1.665240,25.791882
8388608,8MB,8388608,8MB,10,1.620684,26.500953
16777216,16MB,8388608,8MB,1,1.773969,24.211055
16777216,16MB,8388608,8MB,2,1.010291,42.512180
16777216,16MB,8388608,8MB,3,1.093859,39.264359
16777216,16MB,8388608,8MB,4,0.992527,43.273039
16777216,16MB,8388608,8MB,5,1.031829,41.624785
16777216,16MB,8388608,8MB,6,0.979070,43.867827
16777216,16MB,8388608,8MB,7,0.989132,43.421596
16777216,16MB,8388608,8MB,8,1.036840,41.423615
16777216,16MB,8388608,8MB,9,0.973999,44.096201
16777216,16MB,8388608,8MB,10,1.016208,42.264631
33554432,32MB,8388608,8MB,1,1.691739,25.387891
33554432,32MB,8388608,8MB,2,1.210236,35.488676
33554432,32MB,8388608,8MB,3,1.202873,35.705911
33554432,32MB,8388608,8MB,4,1.178805,36.434935
33554432,32MB,8388608,8MB,5,1.178286,36.450975
33554432,32MB,8388608,8MB,6,1.181067,36.365133
33554432,32MB,8388608,8MB,7,1.187248,36.175810
33554432,32MB,8388608,8MB,8,1.185183,36.238859
33554432,32MB,8388608,8MB,9,1.181289,36.358311
33554432,32MB,8388608,8MB,10,1.191820,36.037062
67108864,64MB,8388608,8MB,1,2.071293,20.735683
67108864,64MB,8388608,8MB,2,1.825180,23.531741
67108864,64MB,8388608,8MB,3,1.778817,24.145081
67108864,64MB,8388608,8MB,4,1.789073,24.006670
67108864,64MB,8388608,8MB,5,1.788199,24.018397
67108864,64MB,8388608,8MB,6,1.794437,23.934906
67108864,64MB,8388608,8MB,7,1.787428,24.028752
67108864,64MB,8388608,8MB,8,1.783094,24.087156
67108864,64MB,8388608,8MB,9,1.784535,24.067711
67108864,64MB,8388608,8MB,10,1.781894,24.103380
134217728,128MB,8388608,8MB,1,3.322323,12.927603
134217728,128MB,8388608,8MB,2,3.017726,14.232462
134217728,128MB,8388608,8MB,3,3.022788,14.208628
134217728,128MB,8388608,8MB,4,3.022800,14.208574
134217728,128MB,8388608,8MB,5,3.016831,14.236686
134217728,128MB,8388608,8MB,6,3.020259,14.220527
134217728,128MB,8388608,8MB,7,3.020003,14.221731
134217728,128MB,8388608,8MB,8,3.313635,12.961497
134217728,128MB,8388608,8MB,9,3.015845,14.241342
134217728,128MB,8388608,8MB,10,3.018936,14.226758
268435456,256MB,8388608,8MB,1,5.972597,7.191122
268435456,256MB,8388608,8MB,2,5.694120,7.542812
268435456,256MB,8388608,8MB,3,5.690500,7.547609
268435456,256MB,8388608,8MB,4,5.696472,7.539696
268435456,256MB,8388608,8MB,5,5.692888,7.544444
268435456,256MB,8388608,8MB,6,5.690183,7.548030
268435456,256MB,8388608,8MB,7,5.689133,7.549423
268435456,256MB,8388608,8MB,8,5.693687,7.543386
268435456,256MB,8388608,8MB,9,5.692903,7.544424
268435456,256MB,8388608,8MB,10,5.696258,7.539981
536870912,512MB,8388608,8MB,1,11.356065,3.782091
536870912,512MB,8388608,8MB,2,11.043534,3.889124
536870912,512MB,8388608,8MB,3,11.041216,3.889940
536870912,512MB,8388608,8MB,4,11.043448,3.889154
536870912,512MB,8388608,8MB,5,11.051399,3.886356
536870912,512MB,8388608,8MB,6,11.046276,3.888159
536870912,512MB,8388608,8MB,7,11.040789,3.890091
536870912,512MB,8388608,8MB,8,11.038121,3.891031
536870912,512MB,8388608,8MB,9,11.044254,3.888870
536870912,512MB,8388608,8MB,10,11.048693,3.887308
1073741824,1024MB,8388608,8MB,1,22.028845,1.949702
1073741824,1024MB,8388608,8MB,2,21.748085,1.974872
1073741824,1024MB,8388608,8MB,3,21.745965,1.975064
1073741824,1024MB,8388608,8MB,4,21.747315,1.974941
1073741824,1024MB,8388608,8MB,5,21.748106,1.974870
1073741824,1024MB,8388608,8MB,6,21.752776,1.974446
1073741824,1024MB,8388608,8MB,7,21.749852,1.974711
1073741824,1024MB,8388608,8MB,8,21.746846,1.974984
1073741824,1024MB,8388608,8MB,9,21.749232,1.974767
1073741824,1024MB,8388608,8MB,10,21.750331,1.974668
2147483648,2048MB,8388608,8MB,1,43.435816,0.988808
2147483648,2048MB,8388608,8MB,2,43.158801,0.995154
2147483648,2048MB,8388608,8MB,3,43.173519,0.994815
2147483648,2048MB,8388608,8MB,4,43.156705,0.995203
2147483648,2048MB,8388608,8MB,5,43.157160,0.995192
2147483648,2048MB,8388608,8MB,6,43.159188,0.995146
2147483648,2048MB,8388608,8MB,7,43.168242,0.994937
2147483648,2048MB,8388608,8MB,8,43.159367,0.995141
2147483648,2048MB,8388608,8MB,9,43.156440,0.995209
2147483648,2048MB,8388608,8MB,10,43.165008,0.995011
5368709120,5120MB,8388608,8MB,1,54.306639,0.790873
5368709120,5120MB,8388608,8MB,2,54.028780,0.794941
5368709120,5120MB,8388608,8MB,3,54.027567,0.794958
5368709120,5120MB,8388608,8MB,4,54.027151,0.794965
5368709120,5120MB,8388608,8MB,5,54.024731,0.795000
5368709120,5120MB,8388608,8MB,6,54.025057,0.794995
5368709120,5120MB,8388608,8MB,7,54.059260,0.794492
5368709120,5120MB,8388608,8MB,8,54.025678,0.794986
5368709120,5120MB,8388608,8MB,9,54.024643,0.795002
5368709120,5120MB,8388608,8MB,10,54.023895,0.795013
